id,nombre,apellido,email,direccion,universidad
1,Jacinda,Vanezis,jvanezis0@illinois.edu,41287 Sachtjen Lane,University of San Jose Recoletos
2,Vera,Tisor,vtisor1@miibeian.gov.cn,4325 Village Court,Universidad Nacional de Santiago del Estero
3,Justine,Haine,jhaine2@360.cn,39958 Tennessee Terrace,Cambodia University of Specialties
4,Martita,Girke,mgirke3@4shared.com,46 Pankratz Parkway,Universidad del Valle de Atemajac
5,Perri,Uphill,puphill4@pbs.org,6361 Clarendon Circle,Politeknik Negeri Bandung
6,Belvia,Grand,bgrand5@apache.org,76 Service Circle,"Florida Metropolitan University, Tampa College Brandon"
7,Barbaraanne,Ledgerton,bledgerton6@delicious.com,05 Lawn Alley,Victoria University of Wellington
8,Betta,Plumtree,bplumtree7@twitpic.com,04 Moulton Lane,Beijing Normal University
9,Tiffie,Pahler,tpahler8@cnbc.com,4609 Fieldstone Junction,Jichi Medical School
10,Elwin,Bysouth,ebysouth9@patch.com,4 Crownhardt Point,University of Nis
11,Constantino,Banaszewski,cbanaszewskia@paginegialle.it,0844 Warbler Place,Pontificia Universidad Catolica de Chile
12,Eli,Bingley,ebingleyb@tumblr.com,2 American Ash Park,Iwaki Meisei University
13,Arie,Casaccio,acasaccioc@blog.com,15139 Larry Pass,National Ribat University
14,Chastity,Doddemeede,cdoddemeeded@youtu.be,23 Garrison Circle,FON University
15,Ignacius,Backshall,ibackshalle@webeden.co.uk,202 Reinke Drive,National University of Science and Technology
16,Daphne,MacRedmond,dmacredmondf@printfriendly.com,7263 Esch Street,University College of Saint-Boniface
17,Clemence,Titchard,ctitchardg@nifty.com,237 Lyons Point,National Pingtung Teachers College
18,Bartlett,Klimschak,bklimschakh@dmoz.org,34 Esker Circle,Kongju National University
19,Galvin,Caughan,gcaughani@spiegel.de,75 Cherokee Alley,City University College of Science and Technology
20,Uri,Tranckle,utrancklej@51.la,5074 Arapahoe Trail,Universidad de Ciego de Avila
21,Jannelle,Geard,jgeardk@zimbio.com,35 Granby Park,George Fox University
22,Amerigo,Kleinpeltz,akleinpeltzl@omniture.com,2065 5th Trail,Kohat University of Science and Technology  (KUST)
23,Garwin,Patty,gpattym@wikipedia.org,7 Truax Center,Universidad Intercontinental
24,Mariette,Reddecliffe,mreddecliffen@prweb.com,0960 Dexter Lane,Alagappa University
25,Gerri,Sage,gsageo@parallels.com,51 Novick Trail,Universidad Mayor de San Andrés
26,Kayle,McClenaghan,kmcclenaghanp@infoseek.co.jp,236 Delaware Circle,NED University of Engineering and Technology Karachi
27,Hilde,Blore,hbloreq@dagondesign.com,398 Steensland Alley,Institucion Universitaria de Envigado
28,Oneida,Cayle,ocayler@indiegogo.com,8305 Fremont Avenue,Universidad de Hermosillo
29,Arabel,Whorall,awhoralls@xinhuanet.com,5633 Lakewood Gardens Avenue,Southwest Missouri State University
30,Imogen,Edridge,iedridget@stanford.edu,266 4th Street,Trident University
31,Field,Wetherill,fwetherillu@wikimedia.org,96704 Coleman Way,Valahia University of Targoviste
32,Dar,Todarello,dtodarellov@rambler.ru,86595 Village Green Junction,University of South Australia
33,Charissa,Harnor,charnorw@tmall.com,76 Jenifer Hill,Nicola Valley Institute of Technology
34,Tanney,Rainsden,trainsdenx@ucla.edu,0839 Pine View Park,Ivano-Frankivsk National University of Oli and Gas
35,Bartie,McGunley,bmcgunleyy@narod.ru,72917 Reindahl Hill,Fachhochschule Würzburg - Schweinfurt
36,Marco,Miroy,mmiroyz@jalbum.net,9923 Merchant Street,Tilak Maharashtra Vidyapeeth
37,Johnathon,Kelcher,jkelcher10@archive.org,4 Sachtjen Pass,Instituto Superior de Ciências Empresariais e de Turismo
38,Laurella,Olivazzi,lolivazzi11@scribd.com,8 Farragut Alley,Universidade Federal da Bahia
39,Shellysheldon,Bouldstridge,sbouldstridge12@hc360.com,8307 Forster Trail,University for Development Studies
40,Erny,Stillert,estillert13@reverbnation.com,4873 Hagan Circle,University of Southern Queensland
41,Selle,Paterno,spaterno14@amazon.de,03124 Marcy Road,Oakton Community College
42,Cordie,Peterffy,cpeterffy15@nhs.uk,034 Summit Terrace,Fisher College
43,Denver,Iashvili,diashvili16@ftc.gov,15 Eagan Park,Universidad Politécnica de Valencia
44,Alwyn,Marchetti,amarchetti17@java.com,6981 Tennyson Terrace,American Jewish University
45,Abbott,Greasty,agreasty18@ow.ly,34 Jenifer Drive,American International University - Bangladesh
46,Dari,Devenport,ddevenport19@privacy.gov.au,828 Lotheville Drive,NHL University of Applied Sciences
47,Martelle,Honacker,mhonacker1a@mapquest.com,23 Lunder Court,Universidad Franco-Mexicana
48,Laurie,Iacovuzzi,liacovuzzi1b@moonfruit.com,318 Straubel Pass,New World University
49,Domingo,Zincke,dzincke1c@meetup.com,43 Bobwhite Road,Université du Québec à Chicoutimi
50,Gordan,Ackers,gackers1d@dell.com,13 Bunting Center,Kuzbass State Technical University5,"Domingo,Zincke",dzincke1c@meetup.com,"43 Bobwhite Road","Université du Québec à Chicoutimi"
